Options +Includes
AddType text/html .htm .html
AddHandler server-parsed .htm .html

ErrorDocument 404 /404.html
ErrorDocument 500 "Sorry, but due to a high volume of traffic, we are unable to display this web page right now.  We expect things to be better soon, so please try checking back later."

RewriteEngine On
RewriteCond %{HTTP_HOST} ^www.managementhelp\.org$ [NC]
RewriteRule ^(.*)$ http://managementhelp.org/$1 [R=301,L]
RewriteCond %{THE_REQUEST} ^[A-Z]{3,9}\ /(([^/]+/)*)index\.html\ HTTP/
RewriteRule index\.html$ http://managementhelp.org/%1 [R=301,L]

Redirect 301 /commskls/qustning/old_qust.htm 			http://managementhelp.org/communicationsskills/questioning-skills.htm
Redirect 301 /businesswriting/writing-emails.htm		http://managementhelp.org/businesswriting/email-writing-reading.htm
Redirect 301 /ad_prmot/ad_prmot.htm	http://managementhelp.org/marketing/advertising/index.htm
Redirect 301 /ad_prmot/defntion.htm	http://managementhelp.org/marketing/advertising/defined.htm
Redirect 301 /ad_prmot/methods.htm	http://managementhelp.org/marketing/advertising/methods.htm
Redirect 301 /boards/advisory.htm	http://managementhelp.org/boards/advisory-boards.htm
Redirect 301 /boards/agenda.htm		http://managementhelp.org/boards/meeting-agenda.htm
Redirect 301 /boards/boards.htm		http://managementhelp.org/boards/index.htm
Redirect 301 /boards/brd_appl.htm	http://managementhelp.org/boards/application.htm
Redirect 301 /boards/brd_eval.htm	http://managementhelp.org/boards/evaluation.htm
Redirect 301 /boards/brd_grid.htm	http://managementhelp.org/boards/recruitment-grid.htm
Redirect 301 /boards/brdattnd.htm	http://managementhelp.org/boards/board-attendance-policy.htm
Redirect 301 /boards/brdclndr.htm	http://managementhelp.org/boards/calendar.htm
Redirect 301 /boards/brdcmtte.htm	http://managementhelp.org/boards/committees.htm
Redirect 301 /boards/brdjobs.htm	http://managementhelp.org/boards/job-descriptions.htm
Redirect 301 /boards/brdmnual.htm	http://managementhelp.org/boards/manual.htm
Redirect 301 /boards/brdrspon.htm	http://managementhelp.org/boards/responsibilities.htm
Redirect 301 /boards/brdtrain.htm	http://managementhelp.org/boards/training-members.htm
Redirect 301 /boards/brdvsstf.htm	http://managementhelp.org/boards/compared-to-staff-roles.htm
Redirect 301 /boards/brdwkpln.htm	http://managementhelp.org/boards/workplans.htm
Redirect 301 /boards/ed_xtion.htm	http://managementhelp.org/boards/hiring-chief-executive.htm
Redirect 301 /boards/edvalfrm.htm	http://managementhelp.org/boards/form-to-evaluate-ceo.htm
Redirect 301 /boards/edvalsmp.htm	http://managementhelp.org/boards/sample-evaluation-of-ceo.htm
Redirect 301 /boards/evalchef.htm	http://managementhelp.org/boards/evaluating-chief-executive.htm
Redirect 301 /boards/goodcmte.htm	http://managementhelp.org/boards/activating-committees.htm
Redirect 301 /boards/minutes.htm	http://managementhelp.org/boards/sample-minutes.htm
Redirect 301 /boards/orient.htm		http://managementhelp.org/boards/orienting-members.htm
Redirect 301 /boards/recruit.htm	http://managementhelp.org/boards/recruiting-members.htm
Redirect 301 /boards/roberts.htm	http://managementhelp.org/boards/index.htm#anchor357505
Redirect 301 /businesswriting/workshop.htm	http://managementhelp.org/businesswriting/materials-to-do-writing-workshop.htm
Redirect 301 /career/advncmnt.htm			http://managementhelp.org/careers/advancement.htm
Redirect 301 /career/career.htm				http://managementhelp.org/careers/index.htm
Redirect 301 /career/career_chng.htm		http://managementhelp.org/careers/change.htm
Redirect 301 /career/dress.htm		http://managementhelp.org/careers/dress.htm
Redirect 301 /career/netwrkng.htm	http://managementhelp.org/careers/networking.htm
Redirect 301 /career/ntrvwing.htm	http://managementhelp.org/careers/interviewing-for-job.htm	
Redirect 301 /career/planning.htm	http://managementhelp.org/careers/planning.htm
Redirect 301 /career/resumes.htm	http://managementhelp.org/careers/resumes.htm
Redirect 301 /career/seek_job.htm	http://managementhelp.org/careers/finding-jobs.htm
Redirect 301 /career/social-networking.htm	http://managementhelp.org/socialnetworking/index.htm
Redirect 301 /chf_exec/chf_exec.htm			http://managementhelp.org/chiefexecutives/index.htm	
Redirect 301 /chf_exec/ed_chair.htm			http://managementhelp.org/chiefexecutives/board-relationship.htm
Redirect 301 /chf_exec/ed_defn.htm			http://managementhelp.org/chiefexecutives/job-description.htm
Redirect 301 /chf_exec/ed_rspon.htm			http://managementhelp.org/chiefexecutives/job-description.htm
Redirect 301 /chf_exec/edjobdsc.htm			http://managementhelp.org/chiefexecutives/job-description.htm
Redirect 301 /cntrllng/cntrllng.htm			http://managementhelp.org/managementcontrol/index.htm
Redirect 301 /commskls/appr_inq/appr_inq.htm	http://managementhelp.org/research/appreciative-inquiry.htm	
Redirect 301 /commskls/brochure/brochure.htm	http://managementhelp.org/businesswriting/how-to-write-brochures.htm
Redirect 301 /commskls/cmm_face.htm				http://managementhelp.org/communicationsskills/index.htm
Redirect 301 /commskls/cmm_writ.htm				http://managementhelp.org/businesswriting/index.htm	
Redirect 301 /commskls/feedback/basc_gde.htm	http://managementhelp.org/communicationsskills/feedback.htm
Redirect 301 /commskls/feedback/feedback.htm	http://managementhelp.org/communicationsskills/feedback.htm
Redirect 301 /commskls/gen_rcmd/gen_rcmd.htm	http://managementhelp.org/communicationsskills/index.htm
Redirect 301 /commskls/intrvews/by_media.htm	http://managementhelp.org/publicrelations/media-relations.htm
Redirect 301 /commskls/intrvews/intrvews.htm	http://managementhelp.org/communicationsskills/interviews.htm
Redirect 301 /commskls/listen/gd_vs_pr.htm		http://managementhelp.org/communicationsskills/listening-skills.htm
Redirect 301 /commskls/listen/listen.htm		http://managementhelp.org/communicationsskills/listening-skills.htm
Redirect 301 /commskls/netiquet/netiquet.htm	http://managementhelp.org/businesswriting/email-writing-reading.htm
Redirect 301 /commskls/non_vrbl/non_vrbl.htm	http://managementhelp.org/communicationsskills/body-language.htm
Redirect 301 /commskls/nwslttrs/nwslttrs.htm	http://managementhelp.org/businesswriting/how-to-write-newsletters.htm
Redirect 301 /commskls/presntng/basics.htm		http://managementhelp.org/communicationsskills/public-speaking.htm
Redirect 301 /commskls/presntng/presntng.htm	http://managementhelp.org/communicationsskills/public-speaking.htm
Redirect 301 /commskls/qustning/old_qust.htm	http://managementhelp.org/businessresearch/questionaires.htm
Redirect 301 /commskls/qustning/qustning.htm	http://managementhelp.org/communicationsskills/questioning-skills.htm
Redirect 301 /commskls/stories/stories.htm		http://managementhelp.org/communicationsskills/storytelling.htm
Redirect 301 /commskls/surveys/surveys.htm		http://managementhelp.org/businessresearch/surveys.htm
Redirect 301 /crisis/crisis.htm					http://managementhelp.org/crisismanagement/index.htm
Redirect 301 /crt_inov/creative/creative.htm	http://managementhelp.org/innovation/index.htm
Redirect 301 /crt_inov/crt_innv.htm				http://managementhelp.org/innovation/index.htm
Redirect 301 /crt_inov/innovate/innovate.htm	http://managementhelp.org/innovation/index.htm
Redirect 301 /customer/cll_cntr.htm				http://managementhelp.org/customers/call-centers.htm
Redirect 301 /customer/satisfy.htm 				http://managementhelp.org/customers/service.htm
Redirect 301 /customer/service.htm				http://managementhelp.org/customers/service.htm
Redirect 301 /emp_perf/emp_perf.htm				http://managementhelp.org/employeeperformance/index.htm
Redirect 301 /emp_perf/goal_set/goal_set.htm	http://managementhelp.org/employeeperformance/goal-setting.htm
Redirect 301 /emp_perf/perf_rvw/basics.htm		http://managementhelp.org/employeeperformance/performance-appraisals.htm
Redirect 301 /emp_perf/perf_rvw/perf_rvw.htm	http://managementhelp.org/employeeperformance/performance-appraisals.htm
Redirect 301 /emp_perf/prf_issu/basics.htm		http://managementhelp.org/employeeperformance/problems.htm
Redirect 301 /emp_perf/prf_issu/firing/firing.htm	http://managementhelp.org/employeeperformance/firing-employees.htm
Redirect 301 /emp_perf/prf_issu/prf_issu.htm		http://managementhelp.org/employeeperformance/problems.htm
Redirect 301 /emp_perf/rewards/rewards.htm			http://managementhelp.org/employeeperformance/rewarding.htm
Redirect 301 /emp_well/aids.htm						http://managementhelp.org/employeewellness/aids-in-workplace.htm
Redirect 301 /emp_well/diversty/age.htm				http://managementhelp.org/employeewellness/diversity/age.htm
Redirect 301 /emp_well/diversty/diversty.htm		http://managementhelp.org/employeewellness/index.htm
Redirect 301 /emp_well/diversty/eth_race.htm		http://managementhelp.org/employeewellness/diversity/ethnicity-and-race.htm
Redirect 301 /emp_well/diversty/religion.htm		http://managementhelp.org/employeewellness/diversity/religion.htm
Redirect 301 /emp_well/diversty/sx_orent.htm		http://managementhelp.org/employeewellness/diversity/sexual-orientation.htm
Redirect 301 /emp_well/diversty/women.htm			http://managementhelp.org/employeewellness/diversity/women.htm
Redirect 301 /emp_well/drugs.htm		http://managementhelp.org/employeewellness/drugs-in-workplace.htm
Redirect 301 /emp_well/eap_prog.htm		http://managementhelp.org/employeewellness/assistance-programs.htm
Redirect 301 /emp_well/emp_well.htm		http://managementhelp.org/employeewellness/index.htm
Redirect 301 /emp_well/ergonmcs.htm		http://managementhelp.org/employeewellness/ergonomics.htm
Redirect 301 /emp_well/safety.htm		http://managementhelp.org/employeewellness/safety-in-workplace.htm
Redirect 301 /emp_well/spirit.htm		http://managementhelp.org/employeewellness/spirituality-in-workplace.htm
Redirect 301 /emp_well/violence.htm		http://managementhelp.org/employeewellness/violence-in-workplace.htm
Redirect 301 /ethics/ethics.htm			http://managementhelp.org/businessethics/index.htm
Redirect 301 /ethics/ethxgde.htm		http://managementhelp.org/businessethics/ethics-guide.htm
Redirect 301 /ethics/teamvalu.htm		http://managementhelp.org/businessethics/team-values.htm
Redirect 301 /evaluatn/casestdy.htm		http://managementhelp.org/businessresearch/case-studies.htm
Redirect 301 /evaluatn/chklist.htm		http://managementhelp.org/evaluation/program-evaluation-planning.htm
Redirect 301 /evaluatn/consent.htm		http://managementhelp.org/businessresearch/consent-form.htm
Redirect 301 /evaluatn/dsn_ques.htm		http://managementhelp.org/businessresearch/questionaires.htm
Redirect 301 /evaluatn/evaluatn.htm		http://managementhelp.org/evaluation/index.htm
Redirect 301 /evaluatn/fnl_eval.htm		http://managementhelp.org/evaluation/program-evaluation-guide.htm
Redirect 301 /evaluatn/focusgrp.htm		http://managementhelp.org/businessresearch/focus-groups.htm
Redirect 301 /evaluatn/intrview.htm		http://managementhelp.org/businessresearch/interviews.htm
Redirect 301 /evaluatn/lgc_mdl.htm		http://managementhelp.org/evaluation/logic-model-guide.htm
Redirect 301 /evaluatn/out_plan.htm		http://managementhelp.org/evaluation/outcomes-framework.htm
Redirect 301 /evaluatn/outcomes.htm		http://managementhelp.org/evaluation/outcomes-evaluation-guide.htm
Redirect 301 /evaluatn/questnrs.htm		http://managementhelp.org/businessresearch/questionaires.htm
Redirect 301 /evaluatn/smplcase.htm		http://managementhelp.org/businessresearch/sample-case-study.htm
Redirect 301 /facility/facility.htm		http://managementhelp.org/facilitiesmanagement/index.htm
Redirect 301 /finance/fp_fnce/Board-Finance-Committee.pdf	http://managementhelp.org/businessfinance/Board-Finance-Committee.pdf
Redirect 301 /finance/fp_fnce/fp_basic.htm	http://managementhelp.org/businessfinance/basics.htm
Redirect 301 /finance/fp_fnce/fp_fnce.htm	http://managementhelp.org/businessfinance/index.htm
Redirect 301 /finance/np_fnce/basics.htm	http://managementhelp.org/nonprofitfinances/basics.htm
Redirect 301 /finance/np_fnce/Board-Finance-Committee.pdf	http://managementhelp.org/nonprofitfinances/Board-Finance-Committee.pdf
Redirect 301 /finance/np_fnce/np_fnce.htm	http://managementhelp.org/nonprofitfinances/index.htm
Redirect 301 /fndrsng/fp_raise/fp_raise.htm	http://managementhelp.org/businessfinancing/index.htm
Redirect 301 /fndrsng/loans.htm				http://managementhelp.org/businessfinancing/loans.htm
Redirect 301 /fndrsng/np_raise/fndraise.htm	http://managementhelp.org/nonprofitfundraising/sources.htm
Redirect 301 /fndrsng/np_raise/malls.htm	http://managementhelp.org/nonprofitfundraising/index.htm
Redirect 301 /fndrsng/np_raise/np_raise.htm	http://managementhelp.org/nonprofitfundraising/index.htm
Redirect 301 /form-to-report-broken-links.htm	http://managementhelp.org/email/form-to-provide-feedback.htm
Redirect 301 /fp_np.htm						http://managementhelp.org/aboutfml/fp_np.htm
Redirect 301 /fp_progs/action-list.doc		http://managementhelp.org/freebusinesstraining/action-list.doc
Redirect 301 /fp_progs/brd_mod/boards.htm	http://managementhelp.org/freebusinesstraining/boards.htm
Redirect 301 /fp_progs/brd_mod/brdvsstf.htm	http://managementhelp.org/freebusinesstraining/board-employee-roles.htm
Redirect 301 /fp_progs/ceo/ceo.htm			http://managementhelp.org/freebusinesstraining/role-of-ceo.htm
Redirect 301 /fp_progs/etx_mod/ethics.htm	http://managementhelp.org/freebusinesstraining/ethics.htm
Redirect 301 /fp_progs/fitness.htm			http://managementhelp.org/freebusinesstraining/evaluation.htm
Redirect 301 /fp_progs/fnc_mod/fnance.htm	http://managementhelp.org/freebusinesstraining/finances.htm
Redirect 301 /fp_progs/mkt_mod/market.htm	http://managementhelp.org/freebusinesstraining/marketing.htm
Redirect 301 /fp_progs/mkt_mod/mrk_nlyz.htm	http://managementhelp.org/freebusinesstraining/marketing-plan.htm
Redirect 301 /fp_progs/mng_mod/mng_ldr.htm	http://managementhelp.org/freebusinesstraining/leadership.htm
Redirect 301 /fp_progs/mrk_mod/mrk_org.htm	http://managementhelp.org/freebusinesstraining/marketing-plan.htm
Redirect 301 /fp_progs/np_mod/org_frm.htm	http://managementhelp.org/freebusinesstraining/diagramming-your-business.htm
Redirect 301 /fp_progs/np_mod/orgs_crs.htm	http://managementhelp.org/freebusinesstraining/starting-business.htm
Redirect 301 /fp_progs/org_dev.htm			http://managementhelp.org/freebusinesstraining/program-description.htm
Redirect 301 /fp_progs/prep_wrk.htm			http://managementhelp.org/freebusinesstraining/preparation.htm
Redirect 301 /fp_progs/progflyr.htm			http://managementhelp.org/freebusinesstraining/program-advertisement.htm
Redirect 301 /fp_progs/provider.htm			http://managementhelp.org/freebusinesstraining/how-to-provide.htm
Redirect 301 /fp_progs/sp_mod/sp_frame.htm	http://managementhelp.org/freebusinesstraining/strategic-plan-framework.htm
Redirect 301 /fp_progs/sp_mod/str_plan.htm	http://managementhelp.org/freebusinesstraining/strategic-planning.htm
Redirect 301 /fp_progs/sup_mod/staff.htm	http://managementhelp.org/freebusinesstraining/staffing-and-supervising.htm
Redirect 301 /gen_rsrc/blogs.htm			http://managementhelp.org/generalresources/blog-directories.htm
Redirect 301 /gen_rsrc/free-training.htm	http://managementhelp.org/generalresources/free-trainings.htm
Redirect 301 /gen_rsrc/gen_rsrc.htm			http://managementhelp.org
Redirect 301 /gen_rsrc/help/help.htm		http://managementhelp.org/generalresources/help.htm
Redirect 301 /gen_rsrc/jobs/fp_jobs.htm		http://managementhelp.org/generalresources/jobs.htm
Redirect 301 /gen_rsrc/jobs/gen_jobs.htm	http://managementhelp.org/generalresources/jobs.htm
Redirect 301 /gen_rsrc/jobs/np_jobs.htm		http://managementhelp.org/generalresources/jobs.htm
Redirect 301 /gen_rsrc/megalist/megalist.htm	http://managementhelp.org/generalresources/supersites.htm
Redirect 301 /gen_rsrc/newsgrps/newsgrps.htm	http://managementhelp.org/generalresources/free-online-groups.htm
Redirect 301 /gen_rsrc/nwslttrs/nwslttrs.htm	http://managementhelp.org/generalresources/free-online-newsletters.htm
Redirect 301 /gen_rsrc/peer-groups.htm			http://managementhelp.org/generalresources/join-peer-group.htm
Redirect 301 /gen_rsrc/refrnces/refrnces.htm	http://managementhelp.org/generalresources/references.htm
Redirect 301 /grow_biz/grow_biz.htm				http://managementhelp.org/businessdevelopment/index.htm
Redirect 301 /grp_perf/grp_perf.htm				http://managementhelp.org/groups/evaluating.htm
Redirect 301 /grp_skll/cmmttee/cmmttee.htm		http://managementhelp.org/groups/committees.htm
Redirect 301 /grp_skll/cop.htm					http://managementhelp.org/groups/communities-of-practice.htm
Redirect 301 /grp_skll/dialogue/dialogue.htm	http://managementhelp.org/groups/dialoguing.htm
Redirect 301 /grp_skll/facltate/facltate.htm	http://managementhelp.org/groups/index.htm
Redirect 301 /grp_skll/focusgrp/focusgrp.htm	http://managementhelp.org/businessresearch/focus-groups.htm
Redirect 301 /grp_skll/grp_cnfl/grp_cnfl.htm	http://managementhelp.org/groups/group-conflict.htm
Redirect 301 /grp_skll/grp_dec/grp_dec.htm		http://managementhelp.org/groups/group-decision-making.htm
Redirect 301 /grp_skll/grp_lrng/grp_lrng.htm	http://managementhelp.org/groups/group-learning.htm
Redirect 301 /grp_skll/grp_skll.htm				http://managementhelp.org/groups/index.htm
Redirect 301 /grp_skll/meetings/meetings.htm	http://managementhelp.org/misc/meeting-management.htm
Redirect 301 /grp_skll/meetings/mtg_gde.htm		http://managementhelp.org/misc/meeting-management.htm
Redirect 301 /grp_skll/opn_spc/opn_spc.htm		http://managementhelp.org/groups/open-space-technology.htm
Redirect 301 /grp_skll/resource.htm				http://managementhelp.org/groups/index.htm
Redirect 301 /grp_skll/slf_drct/slf_drct.htm	http://managementhelp.org/groups/self-directed-groups.htm
Redirect 301 /grp_skll/teams/teams.htm			http://managementhelp.org/groups/team-building.htm
Redirect 301 /grp_skll/theory/theory.htm		http://managementhelp.org/groups/dynamics-theories.htm
Redirect 301 /grp_skll/virtual/authors.pdf		http://managementhelp.org/groups/virtual/authors.pdf
Redirect 301 /grp_skll/virtual/commcate.pdf		http://managementhelp.org/groups/virtual/communications.pdf
Redirect 301 /grp_skll/virtual/cover.pdf		http://managementhelp.org/groups/virtual/cover.pdf
Redirect 301 /grp_skll/virtual/defntion.pdf		http://managementhelp.org/groups/virtual/defined.pdf
Redirect 301 /grp_skll/virtual/hr_team.pdf		http://managementhelp.org/groups/virtual/human-resource-teams.pdf
Redirect 301 /grp_skll/virtual/leading.pdf		http://managementhelp.org/groups/virtual/leading.pdf
Redirect 301 /grp_skll/virtual/refrnces.pdf		http://managementhelp.org/groups/virtual/references.pdf
Redirect 301 /grp_skll/virtual/teambild.pdf		http://managementhelp.org/groups/virtual/team-building.pdf
Redirect 301 /grp_skll/virtual/tools.pdf		http://managementhelp.org/groups/virtual/tools.pdf
Redirect 301 /grp_skll/virtual/virtual.htm		http://managementhelp.org/groups/virtual/toolkit.htm
Redirect 301 /guiding/coaching/coaching.htm		http://managementhelp.org/leadingpeople/coaching.htm
Redirect 301 /guiding/counslng/counslng.htm		http://managementhelp.org/leadingpeople/counseling.htm
Redirect 301 /guiding/delegate/basics.htm		http://managementhelp.org/guiding/delegate/delegate.htm
Redirect 301 /guiding/delegate/delegate.htm		http://managementhelp.org/leadingpeople/delegating.htm
Redirect 301 /guiding/guiding.htm				http://managementhelp.org/leadingpeople/index.htm
Redirect 301 /guiding/influenc/influenc.htm		http://managementhelp.org/leadingpeople/influencing-others.htm
Redirect 301 /guiding/mentrng/mentrng.htm		http://managementhelp.org/leadingpeople/mentoring.htm
Redirect 301 /guiding/morale/morale.htm			http://managementhelp.org/leadingpeople/improving-morale.htm
Redirect 301 /guiding/motivate/basics.htm		http://managementhelp.org/guiding/motivate/motivate.htm
Redirect 301 /guiding/motivate/motivate.htm		http://managementhelp.org/leadingpeople/motivating-others.htm
Redirect 301 /guiding/motivate/mtv_list.htm		http://managementhelp.org/leadingpeople/motivation-checklist.htm
Redirect 301 /hr_mgmnt/hr_mgmnt.htm				http://managementhelp.org/humanresources/index.htm
Redirect 301 /hr_mgmnt/np_spcf.htm				http://managementhelp.org/humanresources/nonprofits.htm
Redirect 301 /hr_mgmnt/talent-mgmnt.htm			http://managementhelp.org/humanresources/talent-management.htm
Redirect 301 /infomgnt/buying/buying.htm		http://managementhelp.org/computers/buying.htm
Redirect 301 /infomgnt/cloud_cmputng/cloud_cmputng.htm	http://managementhelp.org/computers/cloud-computing.htm
Redirect 301 /infomgnt/connect/connect.htm		http://managementhelp.org/computers/connecting.htm
Redirect 301 /infomgnt/e_cmmrce/e_cmmrce.htm	http://managementhelp.org/computers/e-commerce.htm
Redirect 301 /infomgnt/ergonmcs/ergonmcs.htm	http://managementhelp.org/computers/ergonomics.htm
Redirect 301 /infomgnt/infomgnt.htm				http://managementhelp.org/computers/index.htm
Redirect 301 /infomgnt/Internet/internet.htm	http://managementhelp.org/computers/internet.htm
Redirect 301 /infomgnt/intranet/intranet.htm	http://managementhelp.org/computers/intranet.htm
Redirect 301 /infomgnt/learning/learning.htm	http://managementhelp.org/computers/learning.htm
Redirect 301 /infomgnt/policies/policies.htm	http://managementhelp.org/computers/policies.htm
Redirect 301 /infomgnt/policies/sample.htm		http://managementhelp.org/computers/policies.htm
Redirect 301 /infomgnt/security/basic.htm		http://managementhelp.org/computers/security.htm
Redirect 301 /infomgnt/security/security.htm	http://managementhelp.org/computers/security.htm
Redirect 301 /infomgnt/software/software.htm	http://managementhelp.org/computers/software.htm
Redirect 301 /infomgnt/tech_spt/tech_spt.htm	http://managementhelp.org/computers/technical-support.htm
Redirect 301 /infomgnt/techques.htm				http://managementhelp.org/computers/planning.htm
Redirect 301 /infomgnt/web/web.htm				http://managementhelp.org/computers/web.htm
Redirect 301 /insurnce/insurnce.htm				http://managementhelp.org/businessinsurance/index.htm
Redirect 301 /intrpsnl/basics.htm				http://managementhelp.org/interpersonal/conflict.htm
Redirect 301 /intrpsnl/conflict.htm				http://managementhelp.org/interpersonal/conflict.htm
Redirect 301 /intrpsnl/diffcult.htm				http://managementhelp.org/interpersonal/difficult-people.htm
Redirect 301 /intrpsnl/divrsity.htm				http://managementhelp.org/interpersonal/multicultural-diversity.htm
Redirect 301 /intrpsnl/empathy.htm				http://managementhelp.org/interpersonal/empathy-skills.htm
Redirect 301 /intrpsnl/etiqette.htm				http://managementhelp.org/interpersonal/etiquette.htm
Redirect 301 /intrpsnl/intrpsnl.htm				http://managementhelp.org/interpersonal/index.htm
Redirect 301 /intrpsnl/negotate.htm				http://managementhelp.org/interpersonal/negotiation-skills.htm
Redirect 301 /intrpsnl/off_pltc.htm				http://managementhelp.org/interpersonal/office-politics.htm
Redirect 301 /intrpsnl/trust.htm				http://managementhelp.org/interpersonal/building-trust.htm
Redirect 301 /leadership/leadership.htm			http://managementhelp.org/leadership/index.htm
Redirect 301 /ldr_dev/cmptncy/cmptncy.htm		http://managementhelp.org/leadership/development/index.htm
Redirect 301 /ldr_dev/ldr_dev.htm				http://managementhelp.org/leadership/development/index.htm
Redirect 301 /ldrship/carters.htm				http://managementhelp.org/leadership/development/understanding.htm
Redirect 301 /ldrship/ldng_lit.htm				http://managementhelp.org/leadership/development/literature.htm
Redirect 301 /ldrship/ldrship.htm				http://managementhelp.org/leadership/index.htm
Redirect 301 /ldrship/traits.htm				http://managementhelp.org/leadership/traits/index.htm
Redirect 301 /legal/advrtze/advrtze.htm			http://managementhelp.org/businesslaw/advertising-laws.htm
Redirect 301 /legal/articles.htm				http://managementhelp.org/businesslaw/index.htm
Redirect 301 /legal/basics/basics.htm			http://managementhelp.org/businesslaw/basics.htm
Redirect 301 /legal/bs_cntrct/bs_cntrct.htm		http://managementhelp.org/businesslaw/business-contracts.htm
Redirect 301 /legal/emp_law/contrcts/contrcts.htm	http://managementhelp.org/businesslaw/employee-laws/employment-contracts.htm
Redirect 301 /legal/emp_law/emp_law.htm				http://managementhelp.org/businesslaw/employee-laws/index.htm
Redirect 301 /legal/emp_law/gen_rsrc/gen_rsrc.htm	http://managementhelp.org/businesslaw/employee-laws/general-resources.htm
Redirect 301 /legal/emp_law/laws/ada.htm		http://managementhelp.org/businesslaw/employee-laws/laws/American-disabilities.htm
Redirect 301 /legal/emp_law/laws/aliens.htm		http://managementhelp.org/businesslaw/employee-laws/laws/alien-workers.htm
Redirect 301 /legal/emp_law/laws/chld_lbr.htm	http://managementhelp.org/businesslaw/employee-laws/laws/child-labor-laws.htm
Redirect 301 /legal/emp_law/laws/cobra.htm		http://managementhelp.org/businesslaw/employee-laws/laws/cobra-health-benefits.htm
Redirect 301 /legal/emp_law/laws/cvl_rght.htm	http://managementhelp.org/businesslaw/employee-laws/laws/civil-rights.htm
Redirect 301 /legal/emp_law/laws/erisa.htm		http://managementhelp.org/businesslaw/employee-laws/laws/erisa-retirement-security.htm
Redirect 301 /legal/emp_law/laws/flsa.htm		http://managementhelp.org/businesslaw/employee-laws/laws/fair-labor-standards.htm
Redirect 301 /legal/emp_law/laws/fmla.htm		http://managementhelp.org/businesslaw/employee-laws/laws/family-and-medical-leave.htm
Redirect 301 /legal/emp_law/laws/hipaa.htm		http://managementhelp.org/businesslaw/employee-laws/laws/hipaa-health-insurance.htm
Redirect 301 /legal/emp_law/laws/osha.htm		http://managementhelp.org/businesslaw/employee-laws/laws/occupational-safety.htm
Redirect 301 /legal/emp_law/laws/unmplymt.htm	http://managementhelp.org/businesslaw/employee-laws/laws/unemployment-compensation.htm
Redirect 301 /legal/emp_law/laws/userra.htm		http://managementhelp.org/businesslaw/employee-laws/laws/uniformed-services-reemployment.htm
Redirect 301 /legal/emp_law/laws/wrks_cmp.htm	http://managementhelp.org/businesslaw/employee-laws/laws/workers-compensation.htm
Redirect 301 /legal/emp_law/topics/affm_act.htm	http://managementhelp.org/businesslaw/employee-laws/topics/affirmative-action.htm
Redirect 301 /legal/emp_law/topics/age.htm		http://managementhelp.org/businesslaw/employee-laws/topics/age-discrimination.htm
Redirect 301 /legal/emp_law/topics/dscrmnte.htm	http://managementhelp.org/businesslaw/employee-laws/topics/anti-discrimination.htm
Redirect 301 /legal/emp_law/topics/eeo.htm		http://managementhelp.org/businesslaw/employee-laws/topics/equal-employment-opportunity.htm
Redirect 301 /legal/emp_law/topics/privacy.htm	http://managementhelp.org/businesslaw/employee-laws/topics/privacy-protection.htm
Redirect 301 /legal/emp_law/topics/race.htm		http://managementhelp.org/businesslaw/employee-laws/topics/racial-discrimination.htm
Redirect 301 /legal/emp_law/topics/religion.htm	http://managementhelp.org/businesslaw/employee-laws/topics/religious-protection.htm
Redirect 301 /legal/emp_law/topics/sex_hrss.htm	http://managementhelp.org/businesslaw/employee-laws/topics/sexual-harassment.htm
Redirect 301 /legal/emp_law/topics/sx_ornt.htm	http://managementhelp.org/businesslaw/employee-laws/topics/sexual-orientation.htm
Redirect 301 /legal/fd_chrtr/fd_chrtr.htm		http://managementhelp.org/businesslaw/federal-charters.htm
Redirect 301 /legal/fed_lw/fd_law.htm			http://managementhelp.org/businesslaw/federal-laws.htm
Redirect 301 /legal/gen_advc/gen_advc.htm		http://managementhelp.org/businesslaw/working-with-lawyers.htm
Redirect 301 /legal/gen_rsrc/gen_rsrc.htm		http://managementhelp.org/businesslaw/general-resources.htm
Redirect 301 /legal/legal.htm					http://managementhelp.org/businesslaw/index.htm
Redirect 301 /legal/legal_need.htm 				http://managementhelp.org/businesslaw/index.htm
Redirect 301 /legal/lgl_thot.htm				http://managementhelp.org/boards/liabilities.htm
Redirect 301 /legal/lia_inrs.htm				http://managementhelp.org/businessinsurance/liability-insurance.htm
Redirect 301 /legal/library/library.htm			http://managementhelp.org/businesslaw/law-libraries.htm
Redirect 301 /legal/np_genrl/np_genrl.htm		http://managementhelp.org/businesslaw/nonprofit-specific.htm
Redirect 301 /legal/ntlcl_pr/ntlcl_pr.htm		http://managementhelp.org/businesslaw/intellectual-property-laws.htm
Redirect 301 /legal/ntrprise/ntrprise.htm		http://managementhelp.org/businesslaw/enterprise-corporate-laws.htm
Redirect 301 /legal/rskmgmnt.htm				http://managementhelp.org/riskmanagement/index.htm
Redirect 301 /legal/state_lw/state_lw.htm		http://managementhelp.org/businesslaw/state-laws.htm
Redirect 301 /legal/tele_law/tele_law.htm		http://managementhelp.org/businesslaw/telecommunications-laws.htm
Redirect 301 /mgmnt/checklst.htm				http://managementhelp.org/organizationalperformance/nonprofits/systems-checklist.htm
Redirect 301 /mgmnt/cntmpory.htm				http://managementhelp.org/management/theories.htm
Redirect 301 /mgmnt/cycl_ldr.htm				http://managementhelp.org/organizations/life-cycles.htm
Redirect 301 /mgmnt/defntion.htm				http://managementhelp.org/management/terms.htm
Redirect 301 /mgmnt/drvnforc.htm				http://managementhelp.org/strategicplanning/scanning.htm
Redirect 301 /mgmnt/history.htm					http://managementhelp.org/management/theories.htm
Redirect 301 /mgmnt/leader.htm					http://managementhelp.org/leadership/traits/leader.htm
Redirect 301 /mgmnt/mba_crse/boards.htm			http://managementhelp.org/freenonprofittraining/boards.htm
Redirect 301 /mgmnt/mba_crse/brdvsstf.htm		http://managementhelp.org/freenonprofittraining/board-employee-roles.htm
Redirect 301 /mgmnt/mba_crse/ethics.htm			http://managementhelp.org/freenonprofittraining/ethics.htm
Redirect 301 /mgmnt/mba_crse/evl_fram.htm		http://managementhelp.org/freenonprofittraining/program-evaluation.htm
Redirect 301 /mgmnt/mba_crse/fnance.htm			http://managementhelp.org/freenonprofittraining/finances.htm
Redirect 301 /mgmnt/mba_crse/fnd_raise.htm		http://managementhelp.org/freenonprofittraining/fundraising.htm
Redirect 301 /mgmnt/mba_crse/lc_prep.htm		http://managementhelp.org/freenonprofittraining/preparation.htm
Redirect 301 /mgmnt/mba_crse/market.htm			http://managementhelp.org/freenonprofittraining/marketing.htm
Redirect 301 /mgmnt/mba_crse/mng_ldr.htm		http://managementhelp.org/freenonprofittraining/leadership.htm
Redirect 301 /mgmnt/mba_crse/mrt_org.htm		http://managementhelp.org/freenonprofittraining/marketing-plan.htm
Redirect 301 /mgmnt/mba_crse/orgs_crs.htm		http://managementhelp.org/freenonprofittraining/starting-nonprofit.htm
Redirect 301 /mgmnt/mba_crse/prep_wrk.htm		http://managementhelp.org/freenonprofittraining/preparation.htm
Redirect 301 /mgmnt/mba_crse/staff.htm			http://managementhelp.org/freenonprofittraining/staffing-and-supervising.htm
Redirect 301 /mgmnt/mba_crse/str_plan.htm		http://managementhelp.org/freenonprofittraining/strategic-planning.htm
Redirect 301 /mgmnt/mgntntro.htm				http://managementhelp.org/management/index.htm
Redirect 301 /mgmnt/np_ovrvw.htm				http://managementhelp.org/organizations/nonprofits.htm
Redirect 301 /mgmnt/np_progs.htm				http://managementhelp.org/programmanagement/index.htm
Redirect 301 /mgmnt/np_skll.htm					http://managementhelp.org/management/nonprofits.htm
Redirect 301 /mgmnt/orgchnge.htm				http://managementhelp.org/organizationalchange/index.htm
Redirect 301 /mgmnt/paradigm.htm				http://managementhelp.org/management/paradigms.htm
Redirect 301 /mgmnt/prsnlmnt.htm				http://managementhelp.org/management/guidebook.htm
Redirect 301 /mgmnt/skills						http://managementhelp.org/management/skills.htm
Redirect 301 /mgmnt/skills.htm					http://managementhelp.org/management/skills.htm
Redirect 301 /mgmt_dev/assess/assess.htm		http://managementhelp.org/management/development/index.htm
Redirect 301 /mgmt_dev/caution.htm				http://managementhelp.org/management/development/caution-competencies.htm
Redirect 301 /mgmt_dev/cmptncy/cmptncy.htm		http://managementhelp.org/management/skills.htm
Redirect 301 /mgmt_dev/history/history.htm		http://managementhelp.org/management/theories.htm
Redirect 301 /mgmt_dev/imprvng.htm				http://managementhelp.org/management/development/improving.htm
Redirect 301 /mgmt_dev/methods/methods.htm		http://managementhelp.org/management/development/index.htm
Redirect 301 /mgmt_dev/mgmt_dev.htm  			http://managementhelp.org/management/development/index.htm
Redirect 301 /mgmt_dev/samples/samples.htm		http://managementhelp.org/management/development/index.htm
Redirect 301 /misc/mtgmgmnt.htm					http://managementelp.org/misc/meeting-management.htm
Redirect 301 /mng_thry/mng_thry.htm				http://managementhelp.org/management/index.htm
Redirect 301 /mng_thry/styles.htm				http://managementhelp.org/management/styles.htm
Redirect 301 /mng_thry/suggstns.htm				http://managementhelp.org/management/development/competencies.htm
Redirect 301 /mrktng/basics/basics.htm			http://managementhelp.org/marketing/index.htm
Redirect 301 /mrktng/cmpetitr/cmpetitr.htm		http://managementhelp.org/marketing/competitors.htm
Redirect 301 /mrktng/eval-mkt.htm 				http://managementhelp.org/marketing/evaluating.htm
Redirect 301 /mrktng/identity/identity.htm		http://managementhelp.org/marketing/branding.htm
Redirect 301 /mrktng/mk_rsrch/mk_rsrch.htm		http://managementhelp.org/marketing/market-research.htm
Redirect 301 /mrktng/mk_rsrch/needs.htm			http://managementhelp.org/marketing/market-research.htm
Redirect 301 /mrktng/mk_rsrch/sources.htm		http://managementhelp.org/marketing/market-research.htm
Redirect 301 /mrktng/mrktng.htm					http://managementhelp.org/marketing/index.htm
Redirect 301 /mrktng/np_mktng.htm				http://managementhelp.org/marketing/nonprofit.htm
Redirect 301 /mrktng/on_line/on_line.htm		http://managementhelp.org/marketing/index.htm
Redirect 301 /mrktng/org_cmm.htm				http://managementhelp.org/organizationalcommunications/internal.htm
Redirect 301 /mrktng/planning/planning.htm		http://managementhelp.org/marketing/planning.htm
Redirect 301 /mrktng/position.htm				http://managementhelp.org/marketing/positioning.htm
Redirect 301 /mrktng/pricing/pricing.htm		http://managementhelp.org/marketing/pricing.htm
Redirect 301 /mrktng/telemrkt/telemrkt.htm		http://managementhelp.org/marketing/telemarketing.htm
Redirect 301 /np_progs/action-list.doc			http://managementhelp.org/freenonprofittraining/action-list.doc
Redirect 301 /np_progs/brd_mod/boards.htm		http://managementhelp.org/freenonprofittraining/boards.htm
Redirect 301 /np_progs/brd_mod/brdvsstf.htm		http://managementhelp.org/freenonprofittraining/board-employee-roles.htm
Redirect 301 /np_progs/ceo/ceo.htm				http://managementhelp.org/freenonprofittraining/role-of-ceo.htm
Redirect 301 /np_progs/etx_mod/ethics.htm		http://managementhelp.org/freenonprofittraining/ethics.htm
Redirect 301 /np_progs/evl_mod/evl_fram.htm		http://managementhelp.org/freenonprofittraining/program-evaluation-plan-framework.htm
Redirect 301 /np_progs/evl_mod/evl_mod.htm		http://managementhelp.org/freenonprofittraining/program-evaluation.htm
Redirect 301 /np_progs/fit_mod.fitness.htm		http://managementhelp.org/freenonprofittraining/evaluation.htm
Redirect 301 /np_progs/fnc_mod/fnance.htm		http://managementhelp.org/freenonprofittraining/finances.htm
Redirect 301 /np_progs/fnd_mod/fnd_raise.htm	http://managementhelp.org/freenonprofittraining/fundraising.htm
Redirect 301 /np_progs/mba_crse/mrk_org.htm		http://managementhelp.org/freenonprofittraining/marketing-plan.htm
Redirect 301 /np_progs/mkt_mod/market.htm		http://managementhelp.org/freenonprofittraining/marketing.htm
Redirect 301 /np_progs/mkt_mod/mrk_nlyz.htm		http://managementhelp.org/freenonprofittraining/marketing-plan.htm
Redirect 301 /np_progs/mng_mod/mng_ldr.htm		http://managementhelp.org/freenonprofittraining/leadership.htm
Redirect 301 /np_progs/mrk_mod/mrk_org.htm		http://managementhelp.org/freenonprofittraining/marketing-plan.htm
Redirect 301 /np_progs/mrk_mod/prog_dsn.htm		http://managementhelp.org/freenonprofittraining/program-planning.htm
Redirect 301 /np_progs/np_mod/mission.htm		http://managementhelp.org/freenonprofittraining/writing-mission.htm
Redirect 301 /np_progs/np_mod/org_frm.htm		http://managementhelp.org/freenonprofittraining/diagramming-your-nonprofit.htm
Redirect 301 /np_progs/np_mod/orgs_crs.htm		http://managementhelp.org/freenonprofittraining/starting-nonprofit.htm
Redirect 301 /np_progs/org_dev.htm				http://managementhelp.org/freenonprofittraining/program-description.htm
Redirect 301 /np_progs/prep_wrk.htm				http://managementhelp.org/freenonprofittraining/preparation.htm
Redirect 301 /np_progs/progflyr.htm				http://managementhelp.org/freenonprofittraining/program-advertisement.htm
Redirect 301 /np_progs/provider.htm				http://managementhelp.org/freenonprofittraining/how-to-provide.htm
Redirect 301 /np_progs/sp_mod/sp_frame.htm		http://managementhelp.org/freenonprofittraining/strategic-plan-framework.htm
Redirect 301 /np_progs/sp_mod/str_plan.htm		http://managementhelp.org/freenonprofittraining/strategic-planning.htm
Redirect 301 /np_progs/sup_mod/staff.htm		http://managementhelp.org/freenonprofittraining/staffing-and-supervising.htm
Redirect 301 /on_line/on_line.htm				http://managementhelp.org/marketing/index.htm
Redirect 301 /ops_mgnt/ops_mgnt.htm				http://managementhelp.org/operationsmanagement/index.htm
Redirect 301 /ops_mgnt/ops_mgnt.htm				http://managementhelp.org/operationsmanagement/index.htm
Redirect 301 /ops_mgnt/prchsng.htm 				http://managementhelp.org/operationsmanagement/index.htm
Redirect 301 /org_ally/org_ally.htm				http://managementhelp.org/alliances/index.htm
Redirect 301 /org_chng/chng_mng/chng_mng.htm	http://managementhelp.org/organizationalchange/index.htm
Redirect 301 /org_chng/dwnsizng/dwnsizng.htm	http://managementhelp.org/staffing/downsizing.htm
Redirect 301 /org_chng/keyt-terms.htm			http://managementhelp.org/organizationalchange/terms.htm
Redirect 301 /org_chng/lrg_scale/lrg_scale.htm	http://managementhelp.org/organizationalchange/large-scale.htm
Redirect 301 /org_chng/od-field/OD_101.pdf		http://managementhelp.org/organizationdevelopment/OD-101.pdf
Redirect 301 /org_chng/od-field/OD_books.htm	http://managementhelp.org/organizationdevelopment/books.htm
Redirect 301 /org_chng/od-field/OD_defn.htm		http://managementhelp.org/organizationdevelopment/od-defined.htm
Redirect 301 /org_chng/od-field/OD_progs.htm	http://managementhelp.org/organizationdevelopment/competencies.htm
Redirect 301 /org_chng/od-field/OD_start.htm	http://managementhelp.org/organizationdevelopment/getting-started.htm
Redirect 301 /org_chng/od-field/OD-bib.pdf		http://managementhelp.org/organizationdevelopment/bibliography.pdf
Redirect 301 /org_chng/od-field/resources.htm	http://managementhelp.org/organizationdevelopment/index.htm
Redirect 301 /org_chng/org_chng.htm				http://managementhelp.org/organizationalchange/index.htm
Redirect 301 /org_chng/orgchnge.htm				http://managementhelp.org/organizationalchange/basics.htm
Redirect 301 /org_chng/trnsform/trnsform.htm	http://managementhelp.org/organizationalchange/transformational.htm
Redirect 301 /org_comm/internal_org_cmm.htm		http://managementhelp.org/organizationalcommunications/internal.htm
Redirect 301 /org_comm/org_comm.htm				http://managementhelp.org/organizationalcommunications/index.htm
Redirect 301 /org_eval/checklst.htm				http://managementhelp.org/organizationalperformance/nonprofits/systems-checklist.htm
Redirect 301 /org_eval/org_eval.htm				http://managementhelp.org/organizationalperformance/index.htm
Redirect 301 /org_eval/uw_brd.htm				http://managementhelp.org/organizationalperformance/nonprofits/boards.htm
Redirect 301 /org_eval/uw_fnce.htm				http://managementhelp.org/organizationalperformance/nonprofits/finances.htm
Redirect 301 /org_eval/uw_fndrs.htm				http://managementhelp.org/organizationalperformance/nonprofits/fundraising.htm
Redirect 301 /org_eval/uw_hr.htm				http://managementhelp.org/organizationalperformance/nonprofits/human-resources.htm
Redirect 301 /org_eval/uw_indicators.htm		http://managementhelp.org/organizationalperformance/nonprofits/index.htm
Redirect 301 /org_eval/uw_legal.htm				http://managementhelp.org/organizationalperformance/nonprofits/legal.htm
Redirect 301 /org_eval/uw_list.htm				http://managementhelp.org/organizationalperformance/nonprofits/index.htm
Redirect 301 /org_eval/uw_plng.htm				http://managementhelp.org/organizationalperformance/nonprofits/planning.htm
Redirect 301 /org_perf/bal_card.htm				http://managementhelp.org/organizationalperformance/balanced-scorecard.htm
Redirect 301 /org_perf/capacity.htm				http://managementhelp.org/organizationalperformance/nonprofits/capacity-building.htm
Redirect 301 /org_perf/culture.htm				http://managementhelp.org/organizationalchange/index.htm
Redirect 301 /org_perf/know_mng.htm				http://managementhelp.org/organizationalperformance/knowledge-management.htm
Redirect 301 /org_perf/methods.htm				http://managementhelp.org/organizationalperformance/index.htm
Redirect 301 /org_perf/org_eval.htm				http://managementhelp.org/organizationalperformance/index.htm
Redirect 301 /org_perf/org_lrng.htm				http://managementhelp.org/organizationalperformance/organizational-learning.htm
Redirect 301 /org_perf/org_perf.htm				http://managementhelp.org/organizationalperformance/index.htm
Redirect 301 /org_perf/re_engng.htm				http://managementhelp.org/organizationalperformance/reengineering.htm
Redirect 301 /org_sustain/org_sustain.htm		http://managementhelp.org/organizationalsustainability/index.htm
Redirect 301 /org_thry/concepts.htm				http://managementhelp.org/organizations/concepts.htm
Redirect 301 /org_thry/culture/culture.htm		http://managementhelp.org/organizations/culture.htm
Redirect 301 /org_thry/design.htm				http://managementhelp.org/organizations/design.htm
Redirect 301 /org_thry/dimensns.htm				http://managementhelp.org/organizations/dimensions.htm
Redirect 301 /org_thry/forms.htm				http://managementhelp.org/organizations/structures.htm
Redirect 301 /org_thry/framwork.htm				http://managementhelp.org/freenonprofittraining/program-description.htm
Redirect 301 /org_thry/metaphor.htm				http://managementhelp.org/organizations/metaphor.htm
Redirect 301 /org_thry/new_forms.htm			http://managementhelp.org/organizations/new-structures.htm
Redirect 301 /org_thry/np_thry/np_intro.htm		http://managementhelp.org/organizations/nonprofits.htm
Redirect 301 /org_thry/org_cycl.htm				http://managementhelp.org/organizations/life-cycles.htm
Redirect 301 /org_thry/org_defn.htm				http://managementhelp.org/organizations/definition.htm
Redirect 301 /org_thry/org_sytm.htm				http://managementhelp.org/organizations/systems.htm
Redirect 301 /org_thry/org_thry.htm				http://managementhelp.org/organizations/index.htm
Redirect 301 /org_thry/paradigm.htm				http://managementhelp.org/organizations/paradigms.htm
Redirect 301 /org_thry/types.htm				http://managementhelp.org/organizations/types.htm
Redirect 301 /organzing/basics.htm				http://managementhelp.org/staffing/organizing-staff.htm
Redirect 301 /orgnzing/orgnzing.htm				http://managementhelp.org/organizing/index.htm
Redirect 301 /pay_ben/benefits/benefits.htm		http://managementhelp.org/payandbenefits/index.htm
Redirect 301 /pay_ben/cmpnstn/cmpnstn.htm		http://managementhelp.org/payandbenefits/index.htm
Redirect 301 /pay_ben/pay_ben.htm				http://managementhelp.org/payandbenefits/index.htm
Redirect 301 /pblc_rel/basics.htm				http://managementhelp.org/marketing/advertising/methods.htm
Redirect 301 /pblc_rel/media.htm				http://managementhelp.org/publicrelations/media-relations.htm
Redirect 301 /pblc_rel/pblc_rel.htm				http://managementhelp.org/publicrelations/index.htm
Redirect 301 /pblc_rel/pr.htm					http://managementhelp.org/publicrelations/public-relations.htm
Redirect 301 /pblc_rel/rep.htm					http://managementhelp.org/publicrelations/reputation-management.htm
Redirect 301 /perf_mng/appraisl.htm				http://managementhelp.org/performancemanagement/appraisals.htm
Redirect 301 /perf_mng/benefits.htm				http://managementhelp.org/performancemanagement/benefits.htm
Redirect 301 /perf_mng/defntion.htm				http://managementhelp.org/performancemanagement/definition.htm
Redirect 301 /perf_mng/dev_plan.htm				http://managementhelp.org/performancemanagement/development-planning.htm
Redirect 301 /perf_mng/framwork.htm				http://managementhelp.org/freenonprofittraining/program-description.htm
Redirect 301 /perf_mng/importnt.htm				http://managementhelp.org/performancemanagement/during-change.htm
Redirect 301 /perf_mng/measure.htm				http://managementhelp.org/performancemanagement/guidelines.htm
Redirect 301 /perf_mng/overview.htm				http://managementhelp.org/performancemanagement/goals-and-steps.htm
Redirect 301 /perf_mng/perf_mng.htm				http://managementhelp.org/performancemanagement/index.htm
Redirect 301 /perf_mng/prf_plan.htm				http://managementhelp.org/performancemanagement/performance-planning.htm
Redirect 301 /perf_mng/question.htm				http://managementhelp.org/performancemanagement/selecting-measurements.htm
Redirect 301 /perf_mng/story.htm				http://managementhelp.org/performancemanagement/explained.htm
Redirect 301 /perf_mng/terms.htm				http://managementhelp.org/performancemanagement/terms.htm
Redirect 301 /plan_dec/bus_plan/bus_plan.htm	http://managementhelp.org/businessplanning/index.htm
Redirect 301 /plan_dec/gen_plan.htm				http://managementhelp.org/planning/index.htm
Redirect 301 /plan_dec/gen_plan/gen_plan.htm 	http://managementhelp.org/planning/index.htm
Redirect 301 /plan_dec/mbo/mbo.htm				http://managementhelp.org/organizationalperformance/managementbyobjectives.htm
Redirect 301 /plan_dec/plan_dec.htm				http://managementhelp.org/planning/index.htm
Redirect 301 /plan_dec/project/project.htm		http://managementhelp.org/projectmanagement/index.htm
Redirect 301 /plan_dec/str_plan/actions.htm		http://managementhelp.org/strategicplanning/actionplanning.htm
Redirect 301 /plan_dec/str_plan/basics.htm		http://managementhelp.org/strategicplanning/basics.htm
Redirect 301 /plan_dec/str_plan/drvnforc.htm	http://managementhelp.org/strategicplanning/scanning.htm
Redirect 301 /plan_dec/str_plan/models.htm		http://managementhelp.org/strategicplanning/models.htm
Redirect 301 /plan_dec/str_plan/monitor.htm		http://managementhelp.org/strategicplanning/implementing-plan.htm
Redirect 301 /plan_dec/str_plan/np_plng.htm		http://managementhelp.org/strategicplanning/index.htm
Redirect 301 /plan_dec/str_plan/Organizational.Change	http://managementhelp.org/organizationalchange/index.htm
Redirect 301 /plan_dec/str_plan/stmnts.htm     	http://managementhelp.org/strategicplanning/mission-vision-values.htm
Redirect 301 /plan_dec/str_plan/str_plan.htm	http://managementhelp.org/strategicplanning/index.htm
Redirect 301 /plan_dec/str_plan/strgzng.htm		http://managementhelp.org/strategicplanning/issues-goals.htm
Redirect 301 /plan_dec/str_plan/strgzng2.htm	http://managementhelp.org/strategicplanning/strategies.htm
Redirect 301 /plan_dec/str_plan/writing.htm		http://managementhelp.org/strategicplanning/writing-plan.htm
Redirect 301 /policies/handbook/basics.htm		http://managementhelp.org/policies/handbook/handbook.htm
Redirect 301 /policies/handbook/handbook.htm	http://managementhelp.org/personnelpolicies/handbook.htm
Redirect 301 /policies/policies.htm				http://managementhelp.org/personnelpolicies/index.htm
Redirect 301 /policies/policies/policies.htm	http://managementhelp.org/personnelpolicies/policies.htm
Redirect 301 /policies/policies/polslist.htm 	http://managementhelp.org/personnelpolicies/index.htm
Redirect 301 /policies/prsn_rec/prsn_rec.htm	http://managementhelp.org/personnelpolicies/records.htm
Redirect 301 /prod_mng/conf_mng.htm				http://managementhelp.org/productdevelopment/configuration-management.htm
Redirect 301 /prod_mng/dist.htm					http://managementhelp.org/productdevelopment/distribution.htm
Redirect 301 /prod_mng/life_cycl.htm			http://managementhelp.org/productdevelopment/life-cycle.htm
Redirect 301 /prod_mng/prod_mng.htm				http://managementhelp.org/productdevelopment/index.htm
Redirect 301 /prod_mng/warrnty.htm				http://managementhelp.org/productdevelopment/warranties.htm
Redirect 301 /prog_mng/fp_progs.htm				http://managementhelp.org/programmanagement/business-programs.htm
Redirect 301 /prog_mng/np_progs.htm				http://managementhelp.org/programmanagement/nonprofit-programs.htm
Redirect 301 /prog_mng/prog_mng.htm				http://managementhelp.org/programmanagement/index.htm
Redirect 301 /prsn_dev/assess.htm				http://managementhelp.org/personaldevelopment/self-assessments.htm
Redirect 301 /prsn_dev/chng_beh.htm				http://managementhelp.org/personaldevelopment/changing-behavior.htm
Redirect 301 /prsn_dev/decision.htm				http://managementhelp.org/personalproductivity/problem-solving.htm
Redirect 301 /prsn_dev/learning/get_most.htm	http://managementhelp.org/personaldevelopment/learning/getting-more.htm
Redirect 301 /prsn_dev/learning/learning.htm	http://managementhelp.org/personaldevelopment/learning/index.htm
Redirect 301 /prsn_dev/learning/mxng_trn.htm	http://managementhelp.org/personaldevelopment/learning/getting-more.htm
Redirect 301 /prsn_dev/learning/studying.htm	http://managementhelp.org/personaldevelopment/learning/how-to-study.htm
Redirect 301 /prsn_dev/learning/tests.htm		http://managementhelp.org/personaldevelopment/learning/passing-tests.htm
Redirect 301 /prsn_dev/lrn_styl.htm				http://managementhelp.org/personaldevelopment/learning-styles.htm
Redirect 301 /prsn_dev/lrnr_req.htm				http://managementhelp.org/training/roles/of-learners-in-training.htm
Redirect 301 /prsn_dev/mind_pwr.htm				http://managementhelp.org/personaldevelopment/improving-mind.htm
Redirect 301 /prsn_dev/prob_slv.htm				http://managementhelp.org/personalproductivity/problem-solving.htm
Redirect 301 /prsn_dev/prsn_dev.htm				http://managementhelp.org/personaldevelopment/index.htm
Redirect 301 /prsn_dev/reading.htm				http://managementhelp.org/personaldevelopment/improving-reading.htm
Redirect 301 /prsn_dev/reframe.htm				http://managementhelp.org/personaldevelopment/reframing.htm
Redirect 301 /prsn_dev/set_goal.htm				http://managementhelp.org/personaldevelopment/setting-goals.htm
Redirect 301 /prsn_prd/basics.htm				http://managementhelp.org/personalproductivity/problem-solving.htm
Redirect 301 /prsn_prd/critical.htm				http://managementhelp.org/personalproductivity/critical-thinking.htm
Redirect 301 /prsn_prd/decision.htm				http://managementhelp.org/prsn_prd/prob_slv.htm
Redirect 301 /prsn_prd/off_org.htm				http://managementhelp.org/personalproductivity/organizing-yourself.htm
Redirect 301 /prsn_prd/prb_bsc.htm				http://managementhelp.org/personalproductivity/problem-solving.htm
Redirect 301 /prsn_prd/prob_slv.htm				http://managementhelp.org/personalproductivity/problem-solving.htm
Redirect 301 /prsn_prd/prsn_prd.htm				http://managementhelp.org/personalproductivity/index.htm
Redirect 301 /prsn_prd/prsn_prd.htm				http://managementhelp.org/personalproductivity/index.htm
Redirect 301 /prsn_prd/reframe.htm				http://managementhelp.org/personaldevelopment/reframing.htm
Redirect 301 /prsn_prd/time_mng.htm				http://managementhelp.org/personalproductivity/time-stress-management.htm
Redirect 301 /prsn_wll/appreciate.htm			http://managementhelp.org/personalwellness/appreciation.htm
Redirect 301 /prsn_wll/assrtvns.htm				http://managementhelp.org/personalwellness/assertiveness.htm
Redirect 301 /prsn_wll/attitude.htm				http://managementhelp.org/personalwellness/improving-attitude.htm
Redirect 301 /prsn_wll/authentc.htm				http://managementhelp.org/personalwellness/authenticity.htm
Redirect 301 /prsn_wll/awareness.htm			http://managementhelp.org/personalwellness/awareness.htm
Redirect 301 /prsn_wll/bullying.htm				http://managementhelp.org/personalwellness/bullying.htm
Redirect 301 /prsn_wll/burnout.htm				http://managementhelp.org/personalwellness/burnout.htm
Redirect 301 /prsn_wll/confdenc.htm				http://managementhelp.org/personalwellness/self-confidence.htm
Redirect 301 /prsn_wll/cynicism.htm				http://managementhelp.org/personalwellness/cynicism/index.htm
Redirect 301 /prsn_wll/cynicism/backlash.htm	http://managementhelp.org/personalwellness/cynicism/backlash.htm
Redirect 301 /prsn_wll/cynicism/research.htm	http://managementhelp.org/personalwellness/cynicism/index.htm
Redirect 301 /prsn_wll/cynicism/resource.htm	http://managementhelp.org/personalwellness/cynicism/view-from-a-cynic.htm
Redirect 301 /prsn_wll/emotions.htm				http://managementhelp.org/personalwellness/emotional-intelligence.htm
Redirect 301 /prsn_wll/finance.htm				http://managementhelp.org/personalwellness/personal-finance.htm
Redirect 301 /prsn_wll/fitness.htm				http://managementhelp.org/personalwellness/physical-fitness.htm
Redirect 301 /prsn_wll/job_stfy.htm				http://managementhelp.org/personalwellness/job-satisfaction.htm
Redirect 301 /prsn_wll/motivate.htm				http://managementhelp.org/personalwellness/self-motivation.htm
Redirect 301 /prsn_wll/prsn_wll.htm				http://managementhelp.org/personalwellness/index.htm
Redirect 301 /prsn_wll/stress.htm				http://managementhelp.org/personalproductivity/time-stress-management.htm
Redirect 301 /prsn_wll/wrk_life.htm				http://managementhelp.org/personalwellness/work-life-balance.htm
Redirect 301 /prsn_wll/wrkholic.htm				http://managementhelp.org/personalwellness/workaholism.htm
Redirect 301 /quality/bnchmrkg/bnchmrkg.htm		http://managementhelp.org/quality/benchmarking.htm
Redirect 301 /quality/cont_imp/cont_imp.htm		http://managementhelp.org/quality/continuous-improvement.htm
Redirect 301 /quality/fmea/fmea.htm				http://managementhelp.org/quality/fmea.htm
Redirect 301 /quality/general/general.htm		http://managementhelp.org/quality/index.htm
Redirect 301 /quality/iso9000/iso9000.htm		http://managementhelp.org/quality/iso9000.htm
Redirect 301 /quality/lean_mng/lean_mng.htm		http://managementhelp.org/quality/lean-management.htm
Redirect 301 /quality/quality.htm				http://managementhelp.org/quality/index.htm
Redirect 301 /quality/sixsigma/six-sigma.htm	http://managementhelp.org/quality/six-sigma.htm
Redirect 301 /quality/tqm/tqm.htm				http://managementhelp.org/quality/total-quality-management.htm
Redirect 301 /reprint.htm						http://managementhelp.org/aboutfml/copyright.htm
Redirect 301 /research/analyze.htm				http://managementhelp.org/businessresearch/analysis.htm
Redirect 301 /research/appreciative-inquiry.htm	http://managementhelp.org/businessresearch/appreciative-inquiry.htm
Redirect 301 /research/casestdy.htm				http://managementhelp.org/businessresearch/case-studies.htm
Redirect 301 /research/consent.htm				http://managementhelp.org/businessresearch/consent-form.htm
Redirect 301 /research/focusgrp.htm				http://managementhelp.org/businessresearch/focus-groups.htm
Redirect 301 /research/intrview.htm				http://managementhelp.org/businessresearch/interviews.htm
Redirect 301 /research/overview.htm				http://managementhelp.org/businessresearch/methods.htm
Redirect 301 /research/planning.htm				http://managementhelp.org/businessresearch/planning.htm
Redirect 301 /research/questnrs.htm				http://managementhelp.org/businessresearch/questionaires.htm
Redirect 301 /research/research.htm				http://managementhelp.org/businessresearch/index.htm
Redirect 301 /research/slctng.htm				http://managementhelp.org/businessresearch/selecting-methods.htm
Redirect 301 /research/smplcase.htm				http://managementhelp.org/businessresearch/sample-case-study.htm
Redirect 301 /research/surveys.htm				http://managementhelp.org/businessresearch/surveys.htm
Redirect 301 /risk_mng/basics.htm				http://managementhelp.org/riskmanagement/index.htm
Redirect 301 /risk_mng/risk_mng.htm				http://managementhelp.org/riskmanagement/index.htm
Redirect 301 /sales/closing.htm					http://managementhelp.org/sales/sales.htm#anchor261285
Redirect 301 /sales/eval.htm					http://managementhelp.org/sales/sales.htm#anchor2868928
Redirect 301 /sales/negotate.htm				http://managementhelp.org/sales/sales.htm#anchor254333
Redirect 301 /sales/web.htm						http://managementhelp.org/sales/sales.htm
Redirect 301 /soc_entr/soc_entr.htm				http://managementhelp.org/socialenterprise/index.htm
Redirect 301 /staffing/.outsrcng/consult/consult.htm	http://managementhelp.org/staffing/consulting.htm
Redirect 301 /staffing/bck_grnd/bck_grnd.htm			http://managementhelp.org/staffing/screening.htm
Redirect 301 /staffing/ext_ntrw/ext_ntrw.htm			http://managementhelp.org/staffing/exit-interviews.htm
Redirect 301 /staffing/intrvwng/intrvwng.htm			http://managementhelp.org/staffing/screening.htm
Redirect 301 /staffing/org-people.htm					http://managementhelp.org/staffing/organizing-staff.htm
Redirect 301 /staffing/outsrcng/consult/consult.htm		http://managementhelp.org/staffing/consulting.htm
Redirect 301 /staffing/outsrcng/outsrcng.htm			http://managementhelp.org/staffing/outsourcing.htm
Redirect 301 /staffing/outsrcng/tmp_wrkr/tmp_wrkr.htm	http://managementhelp.org/staffing/temporary-workers.htm
Redirect 301 /staffing/outsrcng/volnteer/volnteer.htm	http://managementhelp.org/staffing/volunteers.htm
Redirect 301 /staffing/planning/planning.htm			http://managementhelp.org/staffing/planning.htm
Redirect 301 /staffing/planning/sccs_pln/sccs_pln.htm	http://managementhelp.org/staffing/succession-planning.htm
Redirect 301 /staffing/recruit.htm						http://managementhelp.org/staffing/recruiting.htm
Redirect 301 /staffing/recruit/recruit.htm				http://managementhelp.org/staffing/recruiting.htm
Redirect 301 /staffing/retntion.htm						http://managementhelp.org/staffing/retaining.htm
Redirect 301 /staffing/retntion/retntion.htm			http://managementhelp.org/staffing/retaining.htm
Redirect 301 /staffing/sccs_pln.htm						http://managementhelp.org/staffing/succession-planning.htm
Redirect 301 /staffing/screeng.htm						http://managementhelp.org/staffing/screening.htm
Redirect 301 /staffing/screeng/screeng.htm				http://managementhelp.org/staffing/screening.htm
Redirect 301 /staffing/selectng.htm						http://managementhelp.org/staffing/hiring.htm
Redirect 301 /staffing/selectng/job_offr/job_offr.htm	http://managementhelp.org/staffing/hiring.htm
Redirect 301 /staffing/selectng/selectng.htm			http://managementhelp.org/staffing/hiring.htm
Redirect 301 /staffing/specify.htm						http://managementhelp.org/staffing/job-descriptions.htm
Redirect 301 /staffing/specify/cmptncys/cmptncys.htm	http://managementhelp.org/staffing/job-descriptions.htm
Redirect 301 /staffing/specify/job_desc/job_desc.htm	http://managementhelp.org/staffing/job-descriptions.htm
Redirect 301 /staffing/specify/job_nlyz/job_nlyz.htm	http://managementhelp.org/staffing/job-descriptions.htm
Redirect 301 /staffing/specify/specify.htm		http://managementhelp.org/staffing/job-descriptions.htm
Redirect 301 /staffing/staffing.htm				http://managementhelp.org/staffing/index.htm
Redirect 301 /strt_org/design.htm				http://managementhelp.org/organizing/index.htm
Redirect 301 /strt_org/prep.htm					http://managementhelp.org/startingorganizations/preparation.htm
Redirect 301 /strt_org/start-fp-np.pdf			http://managementhelp.org/startingorganizations/start-forprofit-or-nonprofit.pdf
Redirect 301 /strt_org/strt_bus/buying.htm		http://managementhelp.org/startingorganizations/buying-business.htm
Redirect 301 /strt_org/strt_bus/strt_bus.htm	http://managementhelp.org/startingorganizations/starting-business.htm
Redirect 301 /strt_org/strt_np/strt_np.htm		http://managementhelp.org/startingorganizations/start-nonprofit.htm
Redirect 301 /strt_org/strt_np/strt_np.htm		http://managementhelp.org/startingorganizations/start-nonprofit.htm
Redirect 301 /strt_org/strt_org.htm				http://managementhelp.org/startingorganizations/index.htm
Redirect 301 /supr_dev/cmptncy.htm				http://managementhelp.org/supervision/development/competencies.htm
Redirect 301 /supr_dev/guides.htm				http://managehenthelp.org/supervision/development/guidelines.htm
Redirect 301 /supr_dev/prsnlmnt.htm  			http://managementhelp.org/management/guidebook.htm
Redirect 301 /supr_dev/supr_dev.htm				http://managementhelp.org/supervision/development/index.htm
Redirect 301 /suprvise/duties.htm				http://managementhelp.org/supervision/roles.htm
Redirect 301 /suprvise/frst_tme.htm				http://managementhelp.org/supervision/getting-started.htm
Redirect 301 /suprvise/mng_slf.htm				http://managementhelp.org/supervision/stresses.htm
Redirect 301 /suprvise/roles.htm				http://managementhelp.org/supervision/roles.htm
Redirect 301 /suprvise/suprvise.htm				http://managementhelp.org/supervision/index.htm
Redirect 301 /sustain/sustain.htm				http://managementhelp.org/sustainabledevelopment/index.htm
Redirect 301 /systems/chaos/chaos.htm 			http://managementhelp.org/systems/index.htm
Redirect 301 /systems/inq_adv/inq_adv.htm 		http://managementhelp.org/training/theory/types-of-learning.htm
Redirect 301 /systems/systems.htm				http://managementhelp.org/systems/index.htm
Redirect 301 /tax/fp_tax.htm					http://managementhelp.org/taxes/business-taxes.htm
Redirect 301 /tax/np_tax.htm					http://managementhelp.org/taxes/nonprofit-taxes.htm
Redirect 301 /tax/tax.htm						http://managementhelp.org/taxes/index.htm
Redirect 301 /to_find.htm						http://managementhelp.org
Redirect 301 /trng_dev/addie.htm				http://managementhelp.org/training/methods/formal-isd-and-addie.htm
Redirect 301 /trng_dev/analyze/analyze.htm		http://managementhelp.org/training/systematic/needs-assessment.htm
Redirect 301 /trng_dev/analyze/tn_asses.htm		http://managementhelp.org/training/systematic/needs-assessment.htm
Redirect 301 /trng_dev/basics/adlt_lrn.htm		http://managementhelp.org/training/theory/adult-learning.htm
Redirect 301 /trng_dev/basics/informal.htm		http://managementhelp.org/training/methods/formal-and-informal-methods.htm
Redirect 301 /trng_dev/basics/isd.htm			http://managementhelp.org/training/methods/formal-isd-and-addie.htm
Redirect 301 /trng_dev/basics/learner.htm		http://managementhelp.org/training/roles/of-learners-in-training.htm
Redirect 301 /trng_dev/basics/myths.htm			http://managementhelp.org/training/roles/of-management-in-training.htm
Redirect 301 /trng_dev/basics/reasons.htm		http://managementhelp.org/training/basics/reasons-for-training.htm
Redirect 301 /trng_dev/basics/suprvsr.htm		http://managementhelp.org/training/roles/of-management-in-training.htm
Redirect 301 /trng_dev/basics/terms.htm			http://managementhelp.org/training/basics/terms-in-training.htm
Redirect 301 /trng_dev/basics/theory.htm		http://managementhelp.org/training/theory/theories-of-learning.htm
Redirect 301 /trng_dev/benefits.htm				http://managementhelp.org/training/basics/reasons-for-training.htm
Redirect 301 /trng_dev/business.htm				http://managementhelp.org/training/roles/starting-training-business.htm
Redirect 301 /trng_dev/design/cont_lrn.htm		http://managementhelp.org/training/methods/index.htm
Redirect 301 /trng_dev/design/design.htm		http://managementhelp.org/training/systematic/designing-training.htm
Redirect 301 /trng_dev/develop/develop.htm		http://managementhelp.org/training/systematic/developing-training-materials.htm
Redirect 301 /trng_dev/drctries.htm				http://managementhelp.org/training/resources/directories.htm
Redirect 301 /trng_dev/evaluate/evaluate.htm	http://managementhelp.org/training/systematic/ROI-evaluating-training.htm
Redirect 301 /trng_dev/evaluate/results.htm		http://managementhelp.org/training/systematic/results-to-evaluate.htm
Redirect 301 /trng_dev/formal.htm				http://managementhelp.org/training/methods/formal-isd-and-addie.htm
Redirect 301 /trng_dev/gdlns.htm				http://managementhelp.org/training/theory/guidelines-to-enrich-trainings.htm
Redirect 301 /trng_dev/gen_plan.htm				http://managementhelp.org/training/systematic/guidelines-to-design-training.htm
Redirect 301 /trng_dev/groups.htm				http://managementhelp.org/training/resources/groups-about-training.htm
Redirect 301 /trng_dev/hpt.htm					http://managementhelp.org/training/performance/tying-training-to-performance.htm
Redirect 301 /trng_dev/implment/doing.htm		http://managementhelp.org/training/systematic/implementing-training.htm
Redirect 301 /trng_dev/implment/implment.htm	http://managementhelp.org/training/systematic/implementing-training.htm
Redirect 301 /trng_dev/implment/selcting.htm	http://managementhelp.org/training/systematic/implementing-training.htm
Redirect 301 /trng_dev/informal.htm				http://managementhelp.org/training/methods/formal-and-informal-methods.htm
Redirect 301 /trng_dev/lms/clo.htm				http://managementhelp.org/training/roles/chief-learning-officers.htm
Redirect 301 /trng_dev/lms/lms.htm				http://managementhelp.org/training/roles/learning-management-systems.htm
Redirect 301 /trng_dev/lrn_objs.htm				http://managementhelp.org/training/systematic/designing-training.htm
Redirect 301 /trng_dev/method/informal.htm		http://managementhelp.org/training/methods/formal-and-informal-methods.htm
Redirect 301 /trng_dev/methods/action-learning.htm	http://managementhelp.org/training/methods/action-learning.htm
Redirect 301 /trng_dev/methods/classroom.htm		http://managementhelp.org/training/systematic/designing-training.htm
Redirect 301 /trng_dev/methods/distnce.htm			http://managementhelp.org/training/methods/index.htm
Redirect 301 /trng_dev/methods/formal.htm			http://managementhelp.org/training/methods/formal-isd-and-addie.htm
Redirect 301 /trng_dev/methods/journal.htm			http://managementhelp.org/training/methods/journaling.htm
Redirect 301 /trng_dev/methods/methods.htm			http://managementhelp.org/training/methods/index.htm
Redirect 301 /trng_dev/methods/on_line.htm			http://managementhelp.org/training/methods/index.htm
Redirect 301 /trng_dev/methods/on-the-job-training	http://managementhelp.org/training/methods/index.htm
Redirect 301 /trng_dev/methods/room.htm				http://managementhelp.org/training/systematic/designing-training.htm
Redirect 301 /trng_dev/methods/selecting-trainer.htm	http://managementhelp.org/training/systematic/developing-training-materials.htm
Redirect 301 /trng_dev/methods/slf_drct.htm				http://managementhelp.org/training/methods/formal-and-informal-methods.htm
Redirect 301 /trng_dev/methods/ways.htm					http://managementhelp.org/training/methods/formal-and-informal-methods.htm
Redirect 301 /trng_dev/orientng/basics.htm				http://managementhelp.org/training/employee-orientation.htm
Redirect 301 /trng_dev/orientng/orientng.htm			http://managementhelp.org/training/employee-orientation.htm
Redirect 301 /trng_dev/overview.htm						http://managementhelp.org/training/methods/formal-isd-and-addie.htm
Redirect 301 /trng_dev/perform.htm						http://managementhelp.org/training/performance/tying-training-to-performance.htm
Redirect 301 /trng_dev/popular.htm						http://managementhelp.org/training/roles/popular-education-for-change.htm
Redirect 301 /trng_dev/resources.htm					http://managementhelp.org/training/resources/resources.htm
Redirect 301 /trng_dev/roles/perf-consulting.htm		http://managementhelp.org/training/performance/tying-training-to-performance.htm
Redirect 301 /trng_dev/roles/trainers.htm				http://managementhelp.org/training/roles/trainers.htm
Redirect 301 /trng_dev/transfer.htm						http://managementhelp.org/training/performance/transfer-of-training.htm
Redirect 301 /trng_dev/trn_prog/corp-univs.htm			http://managementhelp.org/training/roles/corporate-universities.htm
Redirect 301 /trng_dev/trn_prog/trn_prog.htm			http://managementhelp.org/training/methods/formal-isd-and-addie.htm
Redirect 301 /trng_dev/trng_dev.htm						http://managementhelp.org/training/index.htm
Redirect 301 /trng_dev/trng_pln.htm	  					http://managementhelp.org/training/systematic/framework-for-training-plan.htm	
Redirect 301 /trng_dev/unmet.htm						http://managementhelp.org/training/theory/unmet-needs-in-traditional-training.htm
Redirect 301 /trng_dev/ways/ways.htm					http://managementhelp.org/training/methods/formal-and-informal-methods.htm 
Redirect 301 /writing/appeals.htm			http://managementhelp.org/businesswriting/how-to-sell-an-idea.htm
Redirect 301 /writing/badnews.htm			http://managementhelp.org/businesswriting/how-to-share-bad-news.htm	
Redirect 301 /writing/biblio.htm			http://managementhelp.org/businesswriting/bibliography-of-resources.htm	
Redirect 301 /writing/brochures.htm			http://managementhelp.org/businesswriting/how-to-write-brochures.htm
Redirect 301 /writing/cuestran.htm			http://managementhelp.org/businesswriting/how-to-transition.htm	
Redirect 301 /writing/drafting.htm			http://managementhelp.org/businesswriting/getting-started-writing.htm
Redirect 301 /writing/dsngpage.htm			http://managementhelp.org/businesswriting/how-to-design-the-page.htm
Redirect 301 /writing/formttng.htm			http://managementhelp.org/businesswriting/how-to-format.htm	
Redirect 301 /writing/letters.htm			http://managementhelp.org/businesswriting/how-to-write-letters.htm	
Redirect 301 /writing/mailcmpr.htm			http://managementhelp.org/businesswriting/email-versus-voice-mail.htm
Redirect 301 /writing/memosmpl.htm			http://managementhelp.org/businesswriting/sample-memo.htm
Redirect 301 /writing/minutes.htm			http://managementhelp.org/boards/sample-minutes.htm	
Redirect 301 /writing/newsletters.htm		http://managementhelp.org/businesswriting/how-to-write-newsletters.htm
Redirect 301 /writing/nwszlttr.htm			http://managementhelp.org/businesswriting/how-to-use-typographics.htm
Redirect 301 /writing/organzng.htm			http://managementhelp.org/businesswriting/how-to-organize-information.htm
Redirect 301 /writing/procproc.htm			http://managementhelp.org/businesswriting/how-to-write-procedures.htm
Redirect 301 /writing/rechdngs.htm			http://managementhelp.org/businesswriting/how-to-use-headings.htm
Redirect 301 /writing/slides.htm			http://managementhelp.org/businesswriting/how-to-do-overheads.htm
Redirect 301 /writing/smplmemo.htm			http://managementhelp.org/businesswriting/sample-memo.htm
Redirect 301 /writing/unverse.htm			http://managementhelp.org/businesswriting/types-of-considerations.htm
Redirect 301 /writing/workshop.htm			http://managementhelp.org/businesswriting/materials-to-do-writing-workshop.htm
Redirect 301 /writing/writing-emails.htm	http://managementhelp.org/businesswriting/email-writing-reading.htm
Redirect 301 /writing/wrtcycl.htm			http://managementhelp.org/businesswriting/writing-cycle.htm


<FilesMatch "\.(ico|flv|jpe?g|png|gif|js|css|swf|pdf)$">
 ExpiresActive On
 ExpiresDefault "access plus 1 month"
</FilesMatch>
 ExpiresByType text/html A900

SetOutputFilter DEFLATE
SetEnvIfNoCase Request_URI \.(?:gif|jpe?g|png)$ \
 no-gzip dont-vary
SetEnvIfNoCase Request_URI \
 \.(?:exe|t?gz|zip|bz2|sit|rar)$ \
 no-gzip dont-vary
SetEnvIfNoCase Request_URI \.pdf$ no-gzip dont-vary
BrowserMatch ^Mozilla/4 gzip-only-text/html
BrowserMatch ^Mozilla/4\.0[678] no-gzip
BrowserMatch \bMSIE !no-gzip !gzip-only-text/html
